quantity,value,unit
sector,3,TESS sector
period_days,11.38194,days; NASA Exoplanet Archive
published_duration_hours,2.117,hours; NASA Exoplanet Archive
a_over_rstar,40.7994926316,fixed from saved a and stellar radius
limb_darkening_u1,0.45,fixed quadratic coefficient
limb_darkening_u2,0.25,fixed quadratic coefficient
quality_filtered_cadences,12974,count
symmetric_outliers_clipped,0,count
n_points,756,
n_in_transit,126,
n_out_of_transit,630,
depth_ppm,2675.96096828,
depth_error_ppm,181.582394646,
depth_snr,14.736896567,
formal_depth_error_ppm,152.627916503,
reduced_chi_square,1.41540109314,
radius_ratio,0.0472828208423,
radius_ratio_error,0.00170533529939,
impact_parameter,0.364303229179,
impact_parameter_error,0.0737035233681,
timing_shift_hours,0.342713880958,
timing_error_minutes,1.72624122264,
fitted_duration_hours,2.09285764205,
chi_square_null,1384.53478264,
dof_null,754,
p_value_null,9.35397553022e-40,
chi_square_transit,1062.96622095,
dof_transit,751,
p_value_transit,3.96853952717e-13,
delta_chi_square,321.568561685,
delta_dof,3,
p_value_improvement,2.13400391814e-69,
bic_null,1397.79086539,
bic_transit,1096.10642783,
delta_bic,301.684437557,
transit_supported,True,
